{
  "name": "Muslim Compatibility Checker",
  "displayName": "Muslim Compatibility Checker", 
  "packageName": "com.muslimcompatibility.app",
  "version": "1.0.0",
  "versionCode": 1,
  "minSdkVersion": 22,
  "targetSdkVersion": 34,
  "compileSdkVersion": 34,
  "buildToolsVersion": "34.0.0",
  "theme": {
    "primaryColor": "#1e3a8a",
    "accentColor": "#f59e0b", 
    "backgroundColor": "#ffffff",
    "statusBarColor": "#1e3a8a",
    "navigationBarColor": "#1e3a8a"
  },
  "permissions": [
    "android.permission.INTERNET",
    "android.permission.ACCESS_NETWORK_STATE",
    "android.permission.WRITE_EXTERNAL_STORAGE",
    "android.permission.READ_EXTERNAL_STORAGE"
  ],
  "orientation": "portrait",
  "fullscreen": false,
  "splash": {
    "backgroundColor": "#1e3a8a",
    "image": "assets/splash.png",
    "showSpinner": false
  },
  "icon": {
    "src": "assets/icon.png",
    "sizes": "512x512",
    "type": "image/png"
  },
  "build": {
    "webDir": "dist/public",
    "outputDir": "android/app/build/outputs/apk"
  }
}